<?xml version="1.0" encoding="UTF-8"?>
<metadata xml:lang="en"><Esri><CreaDate>20170809</CreaDate><CreaTime>15512000</CreaTime><ArcGISFormat>1.0</ArcGISFormat><ArcGISstyle>FGDC CSDGM Metadata</ArcGISstyle><SyncOnce>TRUE</SyncOnce><DataProperties><itemProps><itemLocation><linkage Sync="TRUE">file://\\vsms.state.vt.us\Shared\VCGI\VCGI-Data\DataDev\_DataPrepWorkspace\geologic\soils\GeologicSoils_SO\soil_a_vt013</linkage><protocol Sync="TRUE">Local Area Network</protocol></itemLocation></itemProps><copyHistory><copy source="C:\temp_work\soils\CD\soil_a_vt013" dest="\\vsms.state.vt.us\Shared\VCGI\VCGI-Data\DataDev\_DataPrepWorkspace\geologic\soils\GeologicSoils_SO\soil_a_vt013" date="20170809" time="15512000"></copy></copyHistory></DataProperties></Esri></metadata>
