<metadata xml:lang="en"><Esri><CreaDate>20170908</CreaDate><CreaTime>10063400</CreaTime><ArcGISFormat>1.0</ArcGISFormat><SyncOnce>FALSE</SyncOnce><DataProperties><itemProps><itemName Sync="TRUE">Demo_POPHEX2010_poly</itemName><itemLocation><linkage Sync="TRUE">file://\\vsms.state.vt.us\Shared\VCGI\VCGI-Data\DataDev\_DataPrepWorkspace\demo\census2010_pophex\Demo_POPHEX2010_poly.shp</linkage><protocol Sync="TRUE">Local Area Network</protocol></itemLocation><itemSize Sync="TRUE">0.330</itemSize><imsContentType Sync="TRUE">002</imsContentType><nativeExtBox><westBL Sync="TRUE">422556.255310</westBL><eastBL Sync="TRUE">584418.646118</eastBL><southBL Sync="TRUE">23278.361877</southBL><northBL Sync="TRUE">282364.020691</northBL><exTypeCode Sync="TRUE">1</exTypeCode></nativeExtBox></itemProps><coordRef><type Sync="TRUE">Projected</type><geogcsn Sync="TRUE">GCS_North_American_1983</geogcsn><csUnits Sync="TRUE">Linear Unit: Meter (1.000000)</csUnits><projcsn Sync="TRUE">NAD_1983_StatePlane_Vermont_FIPS_4400</projcsn><peXml Sync="TRUE">&lt;ProjectedCoordinateSystem xsi:type='typens:ProjectedCoordinateSystem' xmlns:xsi='http://www.w3.org/2001/XMLSchema-instance' xmlns:xs='http://www.w3.org/2001/XMLSchema' xmlns:typens='http://www.esri.com/schemas/ArcGIS/10.3'&gt;&lt;WKT&gt;PROJCS[&amp;quot;NAD_1983_StatePlane_Vermont_FIPS_4400&amp;quot;,GEOGCS[&amp;quot;GCS_North_American_1983&amp;quot;,DATUM[&amp;quot;D_North_American_1983&amp;quot;,SPHEROID[&amp;quot;GRS_1980&amp;quot;,6378137.0,298.257222101]],PRIMEM[&amp;quot;Greenwich&amp;quot;,0.0],UNIT[&amp;quot;Degree&amp;quot;,0.0174532925199433]],PROJECTION[&amp;quot;Transverse_Mercator&amp;quot;],PARAMETER[&amp;quot;False_Easting&amp;quot;,500000.0],PARAMETER[&amp;quot;False_Northing&amp;quot;,0.0],PARAMETER[&amp;quot;Central_Meridian&amp;quot;,-72.5],PARAMETER[&amp;quot;Scale_Factor&amp;quot;,0.9999642857142858],PARAMETER[&amp;quot;Latitude_Of_Origin&amp;quot;,42.5],UNIT[&amp;quot;Meter&amp;quot;,1.0],AUTHORITY[&amp;quot;EPSG&amp;quot;,32145]]&lt;/WKT&gt;&lt;XOrigin&gt;-5123000&lt;/XOrigin&gt;&lt;YOrigin&gt;-14708800&lt;/YOrigin&gt;&lt;XYScale&gt;450278912.53279358&lt;/XYScale&gt;&lt;ZOrigin&gt;-100000&lt;/ZOrigin&gt;&lt;ZScale&gt;10000&lt;/ZScale&gt;&lt;MOrigin&gt;-100000&lt;/MOrigin&gt;&lt;MScale&gt;10000&lt;/MScale&gt;&lt;XYTolerance&gt;0.001&lt;/XYTolerance&gt;&lt;ZTolerance&gt;0.001&lt;/ZTolerance&gt;&lt;MTolerance&gt;0.001&lt;/MTolerance&gt;&lt;HighPrecision&gt;true&lt;/HighPrecision&gt;&lt;WKID&gt;32145&lt;/WKID&gt;&lt;LatestWKID&gt;32145&lt;/LatestWKID&gt;&lt;/ProjectedCoordinateSystem&gt;</peXml></coordRef></DataProperties><SyncDate>20170915</SyncDate><SyncTime>11282600</SyncTime><ModDate>20170915</ModDate><ModTime>11282600</ModTime></Esri><mdLang><languageCode value="eng"/><countryCode value="USA" Sync="TRUE"></countryCode></mdLang><mdChar><CharSetCd value="004"/></mdChar><mdHrLv><ScopeCd value="005"/></mdHrLv><mdContact><rpIndName>GIS Database Administrator</rpIndName><rpOrgName>VT Center for Geographic Information</rpOrgName><rpCntInfo><cntPhone><voiceNum>802/882-3002</voiceNum><voiceNum tddtty="True">None</voiceNum><faxNum>802/828-3383</faxNum></cntPhone><cntAddress addressType="both"><delPoint>1 National Life Dr., Davis Building, 6th Floor</delPoint><city>Montpelier</city><adminArea>VT</adminArea><postCode>05620-0501</postCode><country>US</country></cntAddress></rpCntInfo><role><RoleCd value="007"/></role></mdContact><mdDateSt>20170914</mdDateSt><mdStanName>ArcGIS Metadata</mdStanName><mdStanVer>1.0</mdStanVer><distInfo><distributor><distorCont><rpOrgName>VT Center for Geographic Information</rpOrgName><rpCntInfo><cntPhone><voiceNum>802/882-3002</voiceNum><voiceNum tddtty="True">None</voiceNum><faxNum>802/828-3383</faxNum></cntPhone><cntAddress addressType="both"><delPoint>1 National Life Dr., Davis Building, 6th Floor</delPoint><city>Montpelier</city><adminArea>VT</adminArea><postCode>05620-0501</postCode><country>US</country><eMailAdd>accd.vcgiinfo@vermont.gov</eMailAdd></cntAddress><cntHours>9am - 5pm, M-F</cntHours></rpCntInfo><role><RoleCd value="005"/></role></distorCont><distorOrdPrc><resFees>No charge when downloading from the internet, and when no custom processing is required.</resFees><planAvDtTm time="unknown">2017-09-14</planAvDtTm><ordInstr>Send an email describing data request to accd.vcgiinfo@vermont.gov</ordInstr><ordTurn>About 5 days.</ordTurn></distorOrdPrc><distorFormat><formatName>SHP</formatName><formatSpec>ESRI Shapefile format</formatSpec><fileDecmTech>ZIP extraction tool</fileDecmTech><formatInfo>geospatial data</formatInfo><formatTech>GIS Software</formatTech></distorFormat><distorTran><onLineSrc><linkage>http://maps.vcgi.vermont.gov/gisdata/vcgi/packaged_zips/DemoCensus_POPHEX2010.zip</linkage><orDesc>Download from web site.</orDesc></onLineSrc></distorTran><distorTran><offLineMed><medName><MedNameCd value="032"/></medName></offLineMed></distorTran><distorTran><onLineSrc><orDesc>layername</orDesc></onLineSrc></distorTran></distributor><distFormat><formatName Sync="TRUE">Shapefile</formatName></distFormat><distTranOps><transSize Sync="TRUE">0.330</transSize></distTranOps></distInfo><dataIdInfo><idCitation><resTitle>DemoCensus_POPHEX2010</resTitle><date><pubDate time="unknown">2017-09-14</pubDate></date><resEd>2017</resEd><citRespParty><rpOrgName>VT Center for Geographic Information</rpOrgName><rpCntInfo><cntAddress><delPoint>Montpelier VT 05620-0501</delPoint></cntAddress></rpCntInfo><role><RoleCd value="010"/></role></citRespParty><citRespParty><rpOrgName>VT Center for Geographic Information</rpOrgName><role><RoleCd value="006"/></role></citRespParty><presForm><PresFormCd value="005"/></presForm><presForm><fgdcGeoform>vector digital data</fgdcGeoform></presForm><datasetSeries><seriesName>short description</seriesName><issId>2017</issId></datasetSeries><otherCitDet>STATE</otherCitDet></idCitation><idAbs>Polygon grid for which population data was summarized.</idAbs><idPurp>Census decennial population data from 2010 was downloaded at the block level and summarized within each hexagon of a polygon grid covering the state of Vermont.</idPurp><idCredit>add something here</idCredit><idStatus><ProgCd value="001"/></idStatus><idPoC><rpOrgName>VT Center for Geographic Information</rpOrgName><rpCntInfo><cntPhone><voiceNum>802/882-3002</voiceNum><voiceNum tddtty="True">None</voiceNum><faxNum>802/828-3383</faxNum></cntPhone><cntAddress addressType="both"><delPoint>1 National Life Dr., Davis Building, 6th Floor</delPoint><city>Montpelier</city><adminArea>VT</adminArea><postCode>05620-0501</postCode><country>US</country><eMailAdd>accd.vcgiinfo@vermont.gov</eMailAdd></cntAddress><cntHours>9am - 5pm, M-F</cntHours></rpCntInfo><role><RoleCd value="007"/></role></idPoC><resMaint><maintFreq><MaintFreqCd value="011"/></maintFreq></resMaint><placeKeys><keyword>Vermont</keyword></placeKeys><tempKeys><keyword>add year here</keyword></tempKeys><themeKeys><keyword>add keyword here</keyword></themeKeys><themeKeys><keyword>use one of the following which matches THEME_PRIM boundaries | biota | climatologyMeteorologyAtmosphere | economy | elevation | emergency | environment | farming | geoscientificInformation | health | imageryBaseMapsEarthCover | inlandWaters | location | oceans | planningCadastre | society | structure | transportation | utilitiesCommunication</keyword><thesaName><resTitle>ISO 19115 Topic Category</resTitle></thesaName></themeKeys><searchKeys><keyword>add year here</keyword><keyword>Vermont</keyword><keyword>add keyword here</keyword><keyword>use one of the following which matches THEME_PRIM boundaries | biota | climatologyMeteorologyAtmosphere | economy | elevation | emergency | environment | farming | geoscientificInformation | health | imageryBaseMapsEarthCover | inlandWaters | location | oceans | planningCadastre | society | structure | transportation | utilitiesCommunication</keyword></searchKeys><resConst><LegConsts><useLimit>VCGI and the State of Vermont make no representations of any kind, including but not limited to the warranties of merchantability or fitness for a particular use, nor are any such warranties to be implied with respect to the data.</useLimit><othConsts>VCGI and the State of VT make no representations of any kind, including but not limited to the warranties of merchantability or fitness for a particular use, nor are any such warranties to be implied with respect to the data.</othConsts></LegConsts></resConst><resConst><SecConsts><class><ClasscationCd value="001"/></class><classSys>N/A</classSys><handDesc>No Security Considerations</handDesc></SecConsts></resConst><spatRpType><SpatRepTypCd value="001"/></spatRpType><dataLang><languageCode value="eng"/><countryCode value="USA" Sync="TRUE"></countryCode></dataLang><tpCat><TopicCatCd value="018"/></tpCat><tpCat><TopicCatCd value="010"/></tpCat><tpCat><TopicCatCd value="013"/></tpCat><tpCat><TopicCatCd value="005"/></tpCat><tpCat><TopicCatCd value="007"/></tpCat><tpCat><TopicCatCd value="015"/></tpCat><tpCat><TopicCatCd value="017"/></tpCat><tpCat><TopicCatCd value="002"/></tpCat><tpCat><TopicCatCd value="016"/></tpCat><tpCat><TopicCatCd value="008"/></tpCat><tpCat><TopicCatCd value="003"/></tpCat><tpCat><TopicCatCd value="001"/></tpCat><tpCat><TopicCatCd value="012"/></tpCat><tpCat><TopicCatCd value="009"/></tpCat><tpCat><TopicCatCd value="014"/></tpCat><tpCat><TopicCatCd value="019"/></tpCat><tpCat><TopicCatCd value="004"/></tpCat><tpCat><TopicCatCd value="006"/></tpCat><envirDesc>ESRI ArcGIS software</envirDesc><dataExt><geoEle><GeoBndBox><westBL>-73.454162</westBL><eastBL>-71.465281</eastBL><southBL>42.722789</southBL><northBL>45.018361</northBL></GeoBndBox></geoEle></dataExt><dataExt><exDesc>Publication Date</exDesc><tempEle><TempExtent><exTemp><TM_Instant><tmPosition time="unknown">2017-09-14</tmPosition></TM_Instant></exTemp></TempExtent></tempEle><geoEle/></dataExt><dataExt><geoEle><GeoBndBox esriExtentType="search"><exTypeCode Sync="TRUE">1</exTypeCode><westBL Sync="TRUE">-73.482876</westBL><eastBL Sync="TRUE">-71.428617</eastBL><northBL Sync="TRUE">45.041443</northBL><southBL Sync="TRUE">42.704927</southBL></GeoBndBox></geoEle></dataExt></dataIdInfo><mdConst><SecConsts><class><ClasscationCd value="001"/></class><classSys>N/A</classSys><handDesc>No security considerations</handDesc></SecConsts></mdConst><dqInfo><dqScope><scpLvl><ScopeCd value="005"/></scpLvl></dqScope><dataLineage><prcStep><stepDesc>Downloaded 2010 population data at the block level for the state of Vermont from the Census in csv format, joined to Census block geography layer obtained from the Census, and used coordinate fields representing block centers to generate points. Then summarized population of all blocks within each hexagon generated above to create hexagonal population layer.</stepDesc><stepDateTm time="unknown">2017-09-14</stepDateTm><stepProc><rpIndName>Jenny Bower</rpIndName><rpOrgName>VCGI</rpOrgName><rpPosName>GIS Professional</rpPosName><role><RoleCd value="009"/></role></stepProc></prcStep><prcStep><stepDesc>Generated rectangle polygon grid of hexagons having area of 2 sq. miles each covering the extent of Vermont. Used BNDHASH state boundary to select all hexagons outside of the state boundary and deleted these records.</stepDesc><stepDateTm time="unknown">2017-09-14</stepDateTm><stepProc><rpIndName>Jenny Bower</rpIndName><rpOrgName>VCGI</rpOrgName><rpPosName>GIS Professional</rpPosName><role><RoleCd value="009"/></role></stepProc></prcStep><dataSource><srcCitatn><date><pubDate time="unknown">2017-09-14</pubDate></date><citRespParty><rpOrgName>Jenny Bower</rpOrgName><role><RoleCd value="006"/></role></citRespParty><presForm><PresFormCd value="006"/></presForm><presForm><fgdcGeoform>map</fgdcGeoform></presForm></srcCitatn><srcExt><exDesc>Publication Date</exDesc><tempEle><TempExtent><exTemp><TM_Instant><tmPosition time="unknown">2017-09-14</tmPosition></TM_Instant></exTemp></TempExtent></tempEle></srcExt></dataSource></dataLineage></dqInfo><spatRepInfo><VectSpatRep><geometObjs Name="Demo_POPHEX2010_poly"><geoObjTyp><GeoObjTypCd value="002" Sync="TRUE"></GeoObjTypCd></geoObjTyp><geoObjCnt Sync="TRUE">2062</geoObjCnt></geometObjs><topLvl><TopoLevCd value="001" Sync="TRUE"></TopoLevCd></topLvl></VectSpatRep></spatRepInfo><spatRepInfo><Indref>POLYGON</Indref><VectSpatRep><geometObjs Name="Demo_POPHEX2010_poly"><geoObjTyp><GeoObjTypCd value="002" Sync="TRUE"></GeoObjTypCd></geoObjTyp><geoObjCnt Sync="TRUE">2062</geoObjCnt></geometObjs><topLvl><TopoLevCd value="001" Sync="TRUE"></TopoLevCd></topLvl></VectSpatRep></spatRepInfo><eainfo><detailed Name="Demo_POPHEX2010_poly"><attr><attrdefs>ESRI</attrdefs><attrlabl Sync="TRUE">FID</attrlabl><attalias Sync="TRUE">FID</attalias><attrtype Sync="TRUE">OID</attrtype><attwidth Sync="TRUE">4</attwidth><atprecis Sync="TRUE">0</atprecis><attscale Sync="TRUE">0</attscale><attrdef Sync="TRUE">Internal feature number.</attrdef><attrdomv><udom Sync="TRUE">Sequential unique whole numbers that are automatically generated.</udom></attrdomv></attr><enttyp><enttypl Sync="TRUE">Demo_POPHEX2010_poly</enttypl><enttypt Sync="TRUE">Feature Class</enttypt><enttypc Sync="TRUE">2062</enttypc></enttyp><attr><attrlabl Sync="TRUE">Shape</attrlabl><attalias Sync="TRUE">Shape</attalias><attrtype Sync="TRUE">Geometry</attrtype><attwidth Sync="TRUE">0</attwidth><atprecis Sync="TRUE">0</atprecis><attscale Sync="TRUE">0</attscale><attrdef Sync="TRUE">Feature geometry.</attrdef><attrdefs Sync="TRUE">Esri</attrdefs><attrdomv><udom Sync="TRUE">Coordinates defining the features.</udom></attrdomv></attr><attr><attrlabl Sync="TRUE">GRID_ID</attrlabl><attalias Sync="TRUE">GRID_ID</attalias><attrtype Sync="TRUE">String</attrtype><attwidth Sync="TRUE">12</attwidth><atprecis Sync="TRUE">0</atprecis><attscale Sync="TRUE">0</attscale></attr><attr><attrlabl Sync="TRUE">POP_2010</attrlabl><attalias Sync="TRUE">POP_2010</attalias><attrtype Sync="TRUE">Double</attrtype><attwidth Sync="TRUE">19</attwidth><atprecis Sync="TRUE">0</atprecis><attscale Sync="TRUE">0</attscale></attr></detailed></eainfo><mdHrLvName Sync="TRUE">dataset</mdHrLvName><refSysInfo><RefSystem><refSysID><identCode code="32145" Sync="TRUE"></identCode><idCodeSpace Sync="TRUE">EPSG</idCodeSpace><idVersion Sync="TRUE">8.6.2</idVersion></refSysID></RefSystem></refSysInfo><spdoinfo><ptvctinf><esriterm Name="Demo_POPHEX2010_poly"><efeatyp Sync="TRUE">Simple</efeatyp><efeageom code="4" Sync="TRUE"></efeageom><esritopo Sync="TRUE">FALSE</esritopo><efeacnt Sync="TRUE">2062</efeacnt><spindex Sync="TRUE">TRUE</spindex><linrefer Sync="TRUE">FALSE</linrefer></esriterm></ptvctinf></spdoinfo></metadata>
