<?xml version="1.0" encoding="UTF-8"?>
<metadata xml:lang="en"><Esri><CreaDate>20170809</CreaDate><CreaTime>16112900</CreaTime><ArcGISFormat>1.0</ArcGISFormat><ArcGISstyle>FGDC CSDGM Metadata</ArcGISstyle><SyncOnce>TRUE</SyncOnce><DataProperties><itemProps><itemLocation><linkage Sync="TRUE">file://\\vsms.state.vt.us\Shared\VCGI\VCGI-Data\DataDev\_DataPrepWorkspace\geologic\soils\GeologicSoils_SO\Geologic_SF03_line</linkage><protocol Sync="TRUE">Local Area Network</protocol></itemLocation></itemProps><copyHistory><copy source="C:\temp_work\soils\DOWNLOADS\Geologic_SF03_line" dest="\\vsms.state.vt.us\Shared\VCGI\VCGI-Data\DataDev\_DataPrepWorkspace\geologic\soils\GeologicSoils_SO\Geologic_SF03_line" date="20170809" time="15494900"></copy></copyHistory></DataProperties></Esri></metadata>
